id,firstname,amount,unit_price,updated_at,total_price
1,fadeel,10,100,2024-06-01 10:00:00,1000
2,alice,5,200,2024-06-01 11:00:00,1000
3,bob,8,150,2024-06-01 12:00:00,1200
4,charlie,12,120,2024-06-01 13:00:00,1440
5,dave,7,180,2024-06-01 14:00:00,1260
6,eve,15,90,2024-06-01 15:00:00,1350
7,frank,20,80,2024-06-01 16:00:00,1600
8,grace,9,110,2024-06-01 17:00:00,990
9,heidi,6,130,2024-06-01 18:00:00,780
10,ivan,11,140,2024-06-01 18:00:00,1540
11,heidi,6,130,2026-06-01 18:00:00,780
12,ivan,11,140,2026-06-01 18:00:00,1540
13,heidi,6,130,2026-06-01 18:01:00,780
14,ivan,11,140,2026-06-01 18:30:00,1540
15,charlie,12,120,2027-06-01 13:00:00,1440
16,dave,7,180,2027-06-01 14:00:00,1260
17,eve,15,90,2027-06-01 15:00:00,1350
18,dave,7,180,2027-08-01 14:00:00,1260
19,eve,15,90,2027-08-01 15:00:00,1350
16,dave,7,1000,2027-06-02 14:00:00,7000
17,eve,15,1000,2027-06-02 15:00:00,15000
