id,name,amount,unit_price,updated_at,total_price,processed_at
1,fadeel,10,100,2024-06-01 10:00:00,1000,2026-02-25 20:00:56.422612
2,alice,5,200,2024-06-01 11:00:00,1000,2026-02-25 20:00:56.422612
3,bob,8,150,2024-06-01 12:00:00,1200,2026-02-25 20:00:56.422612
4,charlie,12,120,2024-06-01 13:00:00,1440,2026-02-25 20:00:56.422612
5,dave,7,180,2024-06-01 14:00:00,1260,2026-02-25 20:00:56.422612
6,eve,15,90,2024-06-01 15:00:00,1350,2026-02-25 20:00:56.422612
7,frank,20,80,2024-06-01 16:00:00,1600,2026-02-25 20:00:56.422612
8,grace,9,110,2024-06-01 17:00:00,990,2026-02-25 20:00:56.422612
9,heidi,6,130,2024-06-01 18:00:00,780,2026-02-25 20:00:56.422612
10,ivan,11,140,2024-06-01 18:00:00,1540,2026-02-25 20:00:56.422612
11,heidi,6,130,2026-06-01 18:00:00,780,2026-02-25 20:00:56.422612
12,ivan,11,140,2026-06-01 18:00:00,1540,2026-02-25 20:00:56.422612
13,heidi,6,130,2026-06-01 18:01:00,780,2026-02-25 20:00:56.422612
14,ivan,11,140,2026-06-01 18:30:00,1540,2026-02-25 20:00:56.422612
15,charlie,12,120,2027-06-01 13:00:00,1440,2026-02-25 20:06:37.115896
16,dave,7,180,2027-06-01 14:00:00,1260,2026-02-25 20:06:37.115896
17,eve,15,90,2027-06-01 15:00:00,1350,2026-02-25 20:06:37.115896
1,fadeel,10,100,2024-06-01 10:00:00,1000,2026-02-25 21:38:47.505624
2,alice,5,200,2024-06-01 11:00:00,1000,2026-02-25 21:38:47.505624
3,bob,8,150,2024-06-01 12:00:00,1200,2026-02-25 21:38:47.505624
4,charlie,12,120,2024-06-01 13:00:00,1440,2026-02-25 21:38:47.505624
5,dave,7,180,2024-06-01 14:00:00,1260,2026-02-25 21:38:47.505624
6,eve,15,90,2024-06-01 15:00:00,1350,2026-02-25 21:38:47.505624
7,frank,20,80,2024-06-01 16:00:00,1600,2026-02-25 21:38:47.505624
8,grace,9,110,2024-06-01 17:00:00,990,2026-02-25 21:38:47.505624
9,heidi,6,130,2024-06-01 18:00:00,780,2026-02-25 21:38:47.505624
10,ivan,11,140,2024-06-01 18:00:00,1540,2026-02-25 21:38:47.505624
11,heidi,6,130,2026-06-01 18:00:00,780,2026-02-25 21:38:47.505624
12,ivan,11,140,2026-06-01 18:00:00,1540,2026-02-25 21:38:47.505624
13,heidi,6,130,2026-06-01 18:01:00,780,2026-02-25 21:38:47.505624
14,ivan,11,140,2026-06-01 18:30:00,1540,2026-02-25 21:38:47.505624
15,charlie,12,120,2027-06-01 13:00:00,1440,2026-02-25 21:38:47.505624
16,dave,7,180,2027-06-01 14:00:00,1260,2026-02-25 21:38:47.505624
17,eve,15,90,2027-06-01 15:00:00,1350,2026-02-25 21:38:47.505624
